poisson_z_sim,nb_z_sim
1961438,1964046
1960912,1964124
1961254,1964404
1960959,1964013
1961268,1964231
1960957,1964171
1961744,1964102
1961337,1964174
1961176,1964524
1961014,1964205
1961240,1964435
1961171,1964019
1961141,1964180
1960896,1964043
1961018,1964082
1961051,1964321
1961302,1964172
1961028,1964048
1961084,1964321
1961257,1964168
1960994,1964204
1961426,1964063
1961217,1964049
1961383,1964288
1961255,1964067
1961209,1963866
1961049,1964263
1961257,1964118
1961509,1964127
1960867,1964645
1961107,1963973
1961247,1963812
1961191,1964227
1961383,1964299
1961168,1964497
1960923,1964498
1961026,1964052
1961315,1964110
1961166,1964054
1961156,1964010
1961118,1964187
1960783,1964202
1961195,1963925
1961129,1964169
1961013,1964144
1960998,1964171
1960867,1964362
1961150,1964424
1960917,1964093
1960987,1964086
1961134,1964195
1960921,1964394
1960908,1963900
1960949,1963962
1960940,1964298
1961399,1964243
1961401,1964023
1961363,1964371
1961268,1964101
1961250,1963948
1961100,1964294
1960918,1963779
1961207,1964266
1961173,1964346
1961075,1964109
1961433,1964447
1961506,1964105
1961150,1963898
1961223,1964306
1961289,1963866
1961414,1964139
1961115,1964173
1961258,1964306
1960848,1964152
1960956,1964210
1961383,1963999
1960910,1964379
1961117,1964320
1961187,1964246
1961220,1964134
1961221,1964240
1960961,1964453
1961476,1964070
1961091,1964035
1961293,1964098
1961026,1964062
1961258,1964263
1961337,1964063
1961313,1963873
1960964,1964187
1961295,1964220
1961127,1964060
1961056,1963919
1961101,1964167
1961256,1963994
1961321,1964464
1960952,1964215
1961026,1963845
1961313,1964419
1961077,1964065
1961359,1963997
1961056,1964233
1961078,1964260
1961333,1963802
1961116,1964298
1961251,1964191
1961151,1963954
1961038,1964308
1961212,1964260
1961147,1964362
1960787,1963918
1961173,1964209
1961424,1964244
1961053,1964221
1961609,1964509
1960865,1964203
1961170,1963993
1961188,1964205
1960887,1964022
1960949,1964233
1961307,1964199
1961284,1964091
1961119,1964198
1961181,1964105
1960871,1963963
1960881,1964287
1961485,1964169
1961200,1964053
1961197,1964362
1961477,1964232
1961400,1964219
1961167,1964465
1960708,1964378
1961459,1964111
1961117,1964052
1961104,1964262
1961443,1964139
1961584,1964411
1961415,1964363
1961423,1963954
1961323,1964314
1961285,1964202
1961208,1964013
1961300,1964568
1961098,1964307
1961122,1963991
1961237,1963853
1961116,1964178
1961128,1963745
1961415,1964143
1961561,1964150
1961062,1963738
1961447,1964273
1961504,1964252
1961401,1964030
1961129,1964353
1961015,1964220
1961292,1964206
1961349,1963729
1961057,1963995
1960945,1964141
1960963,1963766
1961245,1964024
1960898,1964374
1961270,1964165
1961173,1964441
1961170,1964076
1961119,1964064
1961407,1964204
1961111,1964147
1960919,1964167
1961081,1964303
1961401,1963882
1961059,1964133
1961397,1964168
1961207,1963893
1961235,1964068
1961108,1964129
1961213,1964096
1960850,1964294
1961171,1963914
1960752,1964044
1961029,1963937
1960898,1964194
1961072,1964507
1961235,1963995
1961168,1964076
1961375,1963756
1961419,1964488
1961309,1964001
1961167,1964296
1960845,1964019
1961459,1964263
1961392,1964085
1961041,1964273
1961187,1964173
1961303,1964277
1961011,1964012
1961174,1964158
1961462,1964325
1961152,1964337
1961213,1964153
1960996,1964127
1961202,1963947
1960983,1964387
1961404,1963878
1961297,1964067
1961012,1964435
1961638,1964341
1960955,1964240
1960973,1964153
1960622,1964469
1960989,1964375
1961370,1964031
1961025,1964068
1961002,1963964
1961068,1964212
1961305,1964101
1960762,1964117
1961280,1964365
1961177,1964214
1961514,1964294
1961358,1964228
1961174,1964366
1961354,1964117
1961025,1963900
1961375,1964338
1961111,1964047
1961125,1964256
1961186,1964365
1961115,1964339
1961663,1964306
1961053,1964197
1961070,1963907
1961298,1964081
1961286,1964256
1961109,1963843
1961377,1964119
1961273,1964252
1961338,1964229
1961321,1964127
1961303,1964211
1961026,1963747
1961263,1963991
1961051,1964149
1961200,1964086
1961308,1964288
1960803,1964293
1961255,1963827
1961395,1964211
1961069,1964530
1961001,1964216
1961046,1964276
1960980,1964242
1961169,1964139
1961295,1964307
1961212,1964493
1961050,1964025
1961342,1964069
1961037,1964262
1960991,1964113
1961115,1964307
1961077,1964268
1961068,1964188
1961267,1964135
1961189,1963967
1960812,1964042
1960993,1964544
1961182,1964392
1960928,1964247
1961381,1964355
1961351,1963880
1960857,1964011
1960916,1964181
1961296,1964349
1961149,1964342
1961373,1964068
1961001,1964173
1961419,1964151
1960907,1964342
1961153,1964070
1961324,1964177
1961111,1964035
1961391,1964224
1960745,1964524
1961412,1964183
1960786,1964205
1961677,1964189
1961033,1964136
1961103,1964344
1961065,1963962
1961349,1964386
1960679,1964584
1961156,1964149
1961164,1964145
1961015,1964159
1961497,1964216
1960715,1964087
1961414,1964143
1961204,1964255
1960962,1964044
1961571,1964330
1961219,1964243
1960981,1964424
1961252,1963994
1960948,1964060
1961194,1963789
1961142,1963994
1961356,1964045
1961085,1964081
1961018,1964149
1961339,1963961
1961097,1964170
1960879,1964272
1961459,1964278
1961204,1964256
1961043,1964198
1961304,1964063
1960857,1964035
1961053,1964381
1961427,1964157
1961323,1964353
1961167,1964511
1961193,1964146
1961208,1964069
1960873,1964154
1960936,1964455
1961140,1963925
1961009,1964325
1961075,1964296
1961288,1964193
1961290,1964189
1961034,1963971
1961119,1964345
1961145,1964392
1960833,1963751
1961410,1964062
1961026,1964349
1961081,1963891
1961505,1964164
1960878,1964364
1961349,1964339
1960869,1964547
1961161,1964340
1960889,1963869
1961144,1964007
1961312,1964299
1961090,1963789
1960907,1963993
1961151,1964030
1961083,1964171
1960804,1964118
1961183,1964145
1961585,1964033
1961202,1964357
1961029,1964129
1961243,1964137
1960725,1964473
1961063,1964434
1961269,1963844
1961095,1964276
1961090,1964265
1961116,1964075
1961518,1964131
1961459,1964272
1961175,1964192
1961223,1964041
1961215,1964004
1961180,1964178
1961066,1964038
1961198,1964260
1960853,1964165
1961275,1964218
1961069,1964280
1961363,1964433
1961240,1964096
1961246,1964155
1961285,1964465
1961261,1963923
1961315,1964220
1961016,1964184
1961306,1964182
1961276,1963840
1961375,1964234
1961251,1964205
1961459,1964324
1961329,1964232
1961144,1963881
1961459,1964177
1961138,1964355
1961368,1964014
1961031,1964167
1961202,1964103
1960921,1964539
1961267,1963903
1961432,1964282
1960885,1964061
1961086,1964250
1961307,1964045
1961074,1964242
1961310,1964340
1961227,1963983
1961070,1964037
1961017,1964125
1961300,1963942
1961242,1964303
1961272,1964185
1960960,1964008
1961064,1964603
1960828,1963938
1961203,1964108
1961077,1964234
1961299,1964352
1960920,1963903
1961246,1964224
1961180,1964023
1961121,1964280
1960968,1964113
1961298,1963931
1960687,1964319
1961268,1964177
1961268,1964129
1961107,1964006
1961347,1964108
1961342,1964169
1961303,1964210
1961171,1964030
1961205,1963916
1961066,1964096
1960956,1964186
1961252,1963945
1961415,1964200
1961149,1964163
1961348,1963867
1961250,1964373
1960698,1964095
1961107,1964125
1961129,1964090
1960983,1964191
1961036,1964401
1961137,1964500
1961351,1963968
1960965,1964053
1961069,1963922
1961126,1964174
1961250,1964226
1961212,1964253
1960932,1963946
1961308,1964091
1960983,1964112
1961068,1964111
1961230,1963975
1960926,1964084
1961183,1964022
1960883,1964114
1961086,1963958
1961360,1964599
1961494,1964118
1961211,1964486
1961352,1964296
1961023,1964217
1960951,1964195
1961261,1964463
1961506,1963926
1961587,1963954
1961377,1964245
1961374,1963998
1961452,1964299
1961103,1964260
1961245,1964308
1961193,1964027
1960998,1964337
1960978,1964471
1960991,1964514
1961260,1964223
1961401,1964406
1960837,1964003
1961300,1964119
1961399,1963887
1960679,1964372
1961215,1964065
1961237,1964218
1961099,1963854
1961069,1964143
1961076,1964324
1961096,1964023
1961407,1964263
1961047,1964228
1961195,1963987
1961106,1963957
1961035,1964277
1960956,1964099
1961407,1963949
1960989,1964277
1961091,1963944
1961173,1964175
1961005,1963998
1961157,1964047
1960807,1963887
1961238,1964144
1961687,1964337
1961132,1964025
1961214,1963966
1961244,1964002
1960919,1964334
1961134,1963791
1961031,1964050
1961258,1964207
1961159,1964242
1961181,1964025
1961054,1964415
1961192,1963763
1961144,1964188
1960944,1964250
1961360,1964342
1961036,1963961
1961096,1964400
1961063,1963714
1960729,1964549
1961319,1964157
1961238,1964477
1960961,1964006
1960951,1964244
1960977,1964640
1961341,1964169
1961240,1964357
1961111,1964119
1960965,1964340
1961183,1964248
1961091,1964007
1960945,1964114
1961165,1963868
1961377,1964084
1961077,1964057
1960918,1964042
1961225,1964145
1961474,1964626
1961044,1964086
1961191,1963740
1961271,1964338
1961194,1963892
1960922,1964421
1961307,1964204
1960973,1964225
1961417,1964434
1961253,1964306
1961222,1964276
1961272,1963933
1961145,1964157
1961156,1964239
1961174,1964470
1961104,1964242
1961226,1963952
1961184,1964063
1961258,1964105
1961041,1964202
1961060,1964219
1961011,1964058
1960979,1963966
1961233,1964371
1961188,1963946
1960956,1964139
1961256,1964163
1961155,1964414
1960923,1963967
1961128,1963838
1961066,1964327
1961183,1964635
1961048,1964189
1961042,1964081
1960933,1964197
1961156,1964053
1961309,1964142
1960939,1963718
1961098,1964132
1961460,1964343
1961187,1964057
1961187,1964320
1961013,1964457
1961167,1964185
1961242,1963960
1961312,1964101
1961314,1964205
1961319,1964362
1961334,1964410
1960955,1964198
1961181,1964204
1961032,1964238
1961049,1964041
1961105,1964125
1960949,1964421
1961170,1964247
1960968,1964043
1961547,1964289
1961203,1964143
1961149,1964046
1961357,1964123
1961303,1964199
1961045,1964225
1961388,1964341
1961249,1964377
1961315,1964072
1960963,1964241
1961277,1964322
1961100,1964159
1961336,1964569
1961068,1963959
1961391,1964232
1961381,1964064
1961392,1964272
1960995,1964140
1961370,1964286
1961162,1964262
1961130,1964236
1961232,1964304
1960981,1964241
1961177,1964403
1961175,1964343
1961256,1963933
1961073,1964112
1961002,1964106
1960839,1964249
1961125,1963818
1961329,1964308
1961128,1964181
1961469,1964376
1961009,1964010
1961033,1964076
1961330,1964202
1960948,1964008
1961176,1963994
1961083,1964148
1961122,1963976
1961032,1964383
1961346,1964098
1961289,1963866
1961223,1963997
1961228,1963863
1961559,1964261
1961301,1963878
1961212,1964281
1961065,1964201
1960968,1964496
1961004,1964017
1961137,1964154
1961486,1963992
1961139,1964079
1960897,1964098
1961171,1964115
1961238,1964074
1960992,1964243
1961054,1964104
1960809,1963931
1961031,1964339
1961295,1964280
1961315,1964127
1961187,1963884
1961041,1964231
1960987,1964014
1961361,1964217
1960756,1964174
1961429,1964235
1960574,1964371
1961121,1964139
1961219,1964068
1961013,1963953
1961157,1964190
1961289,1964568
1961023,1963996
1960889,1964024
1961161,1964480
1961197,1964099
1960826,1964163
1960994,1964009
1961157,1964044
1961016,1964496
1961261,1964258
1961468,1964354
1961244,1964012
1960848,1964385
1961535,1964305
1960928,1964240
1960976,1963954
1961260,1964234
1961000,1963872
1961016,1964429
1961221,1964049
1960994,1963870
1961285,1963778
1961043,1963842
1961187,1964076
1961278,1964232
1961035,1964197
1961177,1964129
1961237,1964026
1961059,1964269
1961149,1963947
1961071,1963903
1961042,1964177
1960975,1964161
1961153,1964206
1961306,1964266
1961185,1964244
1961048,1963993
1961191,1964043
1960944,1964096
1961195,1964283
1961326,1964077
1961390,1964157
1961371,1963893
1960967,1964801
1961271,1964157
1960769,1964170
1961197,1964139
1961218,1964269
1960703,1964150
1961239,1964428
1961195,1963939
1961186,1964370
1961208,1964503
1961417,1964383
1961302,1964324
1961223,1964207
1961128,1964257
1961242,1964293
1961219,1964318
1961272,1964447
1961214,1964021
1960837,1964490
1961166,1964295
1961115,1964123
1961297,1964474
1961305,1964122
1961044,1964070
1961424,1963954
1960869,1964168
1961250,1964153
1961391,1964161
1961293,1964160
1961528,1964320
1961035,1963960
1961079,1963653
1961114,1964138
1961266,1963979
1961497,1964224
1961300,1963987
1961252,1964306
1961007,1964200
1961434,1964287
1960794,1964075
1961127,1964155
1961032,1964173
1961314,1964045
1961154,1964108
1961043,1964196
1961186,1964399
1961196,1963819
1961346,1964305
1961280,1964030
1961450,1964174
1961306,1964260
1961361,1963933
1961241,1964129
1961389,1964244
1961289,1964156
1961009,1964289
1961033,1964253
1961145,1964036
1960805,1964136
1961039,1964323
1960981,1964171
1960965,1964075
1961170,1964393
1961372,1964310
1961303,1963974
1960919,1964184
1961193,1964101
1961046,1964183
1961116,1964382
1960871,1964384
1961182,1964267
1961463,1964177
1961213,1964191
1960942,1964365
1961705,1963963
1961223,1964057
1961224,1964318
1961168,1964415
1961194,1964414
1961109,1964248
1961085,1964108
1961084,1964245
1961230,1964346
1960952,1964225
1961186,1964219
1961192,1964104
1961190,1963919
1960932,1964422
1961248,1964216
1961155,1964050
1961093,1964513
1961379,1964221
1961390,1964252
1960940,1963966
1961080,1963926
1961327,1964290
1961449,1964468
1961196,1963776
1960907,1964265
1961653,1964307
1961089,1964225
1961276,1964039
1961049,1964180
1961602,1964320
1961199,1964227
1961054,1964297
1961508,1964203
1960863,1964467
1961387,1964060
1961460,1964405
1961064,1964089
1960949,1964191
1960812,1964181
1961054,1964213
1961002,1964343
1960984,1964087
1961477,1964063
1961089,1964170
1960837,1964235
1961244,1964045
1961273,1964069
1960973,1964199
1961274,1964235
1960913,1964192
1961233,1964017
1961385,1964284
1961126,1964042
1961193,1964027
1960864,1964391
1961147,1964159
1961517,1964484
1961142,1964315
1961026,1964114
1961391,1964234
1961276,1963923
1961283,1963985
1961232,1964397
1960979,1964016
1960768,1963948
1960848,1963943
1961190,1964060
1961374,1964099
1961131,1964073
1961119,1964130
1961086,1964002
1961099,1964360
1960810,1964268
1961097,1964259
1961091,1964330
1961146,1964307
1961109,1964338
1961133,1964080
1961193,1963941
1961207,1964045
1961058,1964110
1961339,1964093
1961293,1964178
1961125,1963907
1961196,1964075
1961102,1964261
1961127,1964351
1961052,1964609
1961231,1964783
1961328,1964295
1961058,1964029
1960872,1964001
1961048,1964295
1960827,1964278
1961230,1964016
1961276,1964095
1961271,1964123
1961193,1964230
1961145,1964463
1961040,1964258
1961085,1964179
1961352,1964299
1961039,1964339
1960942,1964217
1960988,1964335
1961140,1964244
1961477,1964143
1960999,1964332
1961304,1964007
1961482,1964308
1961449,1963929
1961064,1964129
1961348,1964355
1961115,1964223
1961091,1964199
1961353,1964335
1961270,1964054
1961159,1964420
1960852,1964157
1961010,1964176
1961311,1964157
1961040,1964226
1961121,1964195
1961218,1964100
1961211,1964038
1960870,1964232
1961221,1964077
1961273,1964265
1960835,1964383
1961142,1964274
1961280,1963863
1961306,1964391
1961309,1964116
1961335,1964521
1961307,1964168
1961208,1964219
1961089,1964238
1961138,1964579
1961230,1963874
1961057,1964121
1961126,1964100
1961145,1964279
1961344,1964254
1961353,1964431
1961108,1964761
1960969,1964207
1961056,1964352
1961074,1964298
1961107,1964079
1961289,1963752
1960980,1964030
1961136,1964121
1960931,1964339
1961273,1964218
1961149,1964049
1961132,1964276
1961259,1964242
1961101,1963902
1961230,1964130
1961364,1964372
1960827,1964066
1961141,1964160
1961311,1964331
1961158,1964221
1961043,1964285
1960982,1964370
1961055,1964358
1960736,1964488
1961406,1964160
1961121,1964275
1960909,1964172
1961316,1964046
1961172,1964521
1960977,1964020
1961346,1963946
1960706,1964088
1961209,1963909
1961062,1963967
1961379,1964117
1961210,1964391
1961273,1964248
1961172,1964121
1961336,1964170
1961478,1964388
1961057,1964141
1961034,1963911
1961447,1964187
1961243,1964172
1961300,1964343
1961342,1964079
1961143,1964206
1961467,1964186
1961064,1964293
1961108,1964125
1961326,1964224
1961260,1964273
1961111,1964064
1961173,1963695
1960977,1963965
1961191,1964321
1961527,1964004
1960983,1964098
1961352,1964318
1960974,1964462
1961091,1964393
1961242,1963919
1961554,1964204
1961292,1963965
1961099,1964375
1961821,1964268
1961050,1964291
1961314,1964165
1961259,1964173
1961202,1964205
1961231,1964331
1961300,1964435
